<T3DataStructure>
	<sheets>
		<sDEF>
			<ROOT>
				<TCEforms>
					<sheetTitle>Function</sheetTitle>
				</TCEforms>
				<type>array</type>
				<el>
					<switchableControllerActions>
						<TCEforms>
							<label>Select function</label>
							<config>
								<type>select</type>
								<items>
									<numIndex index="0">
										<numIndex index="0">Kategorien</numIndex>
										<numIndex index="1">Kategorie-&gt;list;Kategorie-&gt;new;Kategorie-&gt;create;Kategorie-&gt;edit;Kategorie-&gt;update;Kategorie-&gt;delete</numIndex>
									</numIndex>
									<numIndex index="1">
										<numIndex index="0">Material</numIndex>
										<numIndex index="1">Material-&gt;list;Material-&gt;new;Material-&gt;create;Material-&gt;duplicate;Material-&gt;edit;Material-&gt;update;Material-&gt;delete;Material-&gt;fancytable</numIndex>
									</numIndex>
									<numIndex index="2">
										<numIndex index="0">Aufgabe</numIndex>
										<numIndex index="1">Aufgabe-&gt;list;Aufgabe-&gt;new;Aufgabe-&gt;create;Aufgabe-&gt;duplicate;Aufgabe-&gt;edit;Aufgabe-&gt;update;Aufgabe-&gt;delete;Aufgabe-&gt;print</numIndex>
									</numIndex>
									<numIndex index="3">
										<numIndex index="0">Migration</numIndex>
										<numIndex index="1">Migration-&gt;migrate</numIndex>
									</numIndex>
								</items>
							</config>
						</TCEforms>
					</switchableControllerActions>
				</el>
			</ROOT>
		</sDEF>
	</sheets>
</T3DataStructure>
